<ImportExportXml xmlns:xsi="http://www.w3.org/2001/XMLSchema-instance" OrganizationVersion="9.2.25032.214" OrganizationSchemaType="Full" CRMServerServiceabilityVersion="9.2.25034.00218">
  <Entities>
    <Entity>
      <Name LocalizedName="Event" OriginalName="Event">msevtmgt_Event</Name>
      <EntityInfo>
        <entity Name="msevtmgt_Event">
          <attributes>
            <attribute PhysicalName="cap_subtitle">
              <Type>nvarchar</Type>
              <Name>cap_subtitle</Name>
              <LogicalName>cap_subtitle</LogicalName>
              <RequiredLevel>none</RequiredLevel>
              <DisplayMask>ValidForAdvancedFind|ValidForForm|ValidForGrid</DisplayMask>
              <ImeMode>auto</ImeMode>
              <ValidForUpdateApi>1</ValidForUpdateApi>
              <ValidForReadApi>1</ValidForReadApi>
              <ValidForCreateApi>1</ValidForCreateApi>
              <IsCustomField>1</IsCustomField>
              <IsAuditEnabled>1</IsAuditEnabled>
              <IsSecured>0</IsSecured>
              <IntroducedVersion>1.0.0.0</IntroducedVersion>
              <IsCustomizable>1</IsCustomizable>
              <IsRenameable>1</IsRenameable>
              <CanModifySearchSettings>1</CanModifySearchSettings>
              <CanModifyRequirementLevelSettings>1</CanModifyRequirementLevelSettings>
              <CanModifyAdditionalSettings>1</CanModifyAdditionalSettings>
              <SourceType>0</SourceType>
              <IsGlobalFilterEnabled>0</IsGlobalFilterEnabled>
              <IsSortableEnabled>0</IsSortableEnabled>
              <CanModifyGlobalFilterSettings>1</CanModifyGlobalFilterSettings>
              <CanModifyIsSortableSettings>1</CanModifyIsSortableSettings>
              <IsDataSourceSecret>0</IsDataSourceSecret>
              <AutoNumberFormat></AutoNumberFormat>
              <IsSearchable>0</IsSearchable>
              <IsFilterable>0</IsFilterable>
              <IsRetrievable>0</IsRetrievable>
              <IsLocalizable>0</IsLocalizable>
              <Format>text</Format>
              <MaxLength>200</MaxLength>
              <Length>400</Length>
              <displaynames>
                <displayname description="Subtitle" languagecode="1033" />
              </displaynames>
              <Descriptions>
                <Description description="" languagecode="1033" />
              </Descriptions>
            </attribute>
            <attribute PhysicalName="esa_PreviousEventName">
              <Type>nvarchar</Type>
              <Name>esa_previouseventname</Name>
              <LogicalName>esa_previouseventname</LogicalName>
              <RequiredLevel>none</RequiredLevel>
              <DisplayMask>ValidForAdvancedFind|ValidForForm|ValidForGrid</DisplayMask>
              <ImeMode>auto</ImeMode>
              <ValidForUpdateApi>1</ValidForUpdateApi>
              <ValidForReadApi>1</ValidForReadApi>
              <ValidForCreateApi>1</ValidForCreateApi>
              <IsCustomField>1</IsCustomField>
              <IsAuditEnabled>1</IsAuditEnabled>
              <IsSecured>0</IsSecured>
              <IntroducedVersion>1.0</IntroducedVersion>
              <IsCustomizable>1</IsCustomizable>
              <IsRenameable>1</IsRenameable>
              <CanModifySearchSettings>1</CanModifySearchSettings>
              <CanModifyRequirementLevelSettings>1</CanModifyRequirementLevelSettings>
              <CanModifyAdditionalSettings>1</CanModifyAdditionalSettings>
              <SourceType>0</SourceType>
              <IsGlobalFilterEnabled>0</IsGlobalFilterEnabled>
              <IsSortableEnabled>0</IsSortableEnabled>
              <CanModifyGlobalFilterSettings>1</CanModifyGlobalFilterSettings>
              <CanModifyIsSortableSettings>1</CanModifyIsSortableSettings>
              <IsDataSourceSecret>0</IsDataSourceSecret>
              <AutoNumberFormat></AutoNumberFormat>
              <IsSearchable>0</IsSearchable>
              <IsFilterable>0</IsFilterable>
              <IsRetrievable>0</IsRetrievable>
              <IsLocalizable>0</IsLocalizable>
              <Format>text</Format>
              <MaxLength>100</MaxLength>
              <Length>200</Length>
              <displaynames>
                <displayname description="PreviousEventName" languagecode="1033" />
              </displaynames>
              <Descriptions>
                <Description description="" languagecode="1033" />
              </Descriptions>
            </attribute>
          </attributes>
        </entity>
      </EntityInfo>
      <RibbonDiffXml>
        <CustomActions />
        <Templates>
          <RibbonTemplates Id="Mscrm.Templates"></RibbonTemplates>
        </Templates>
        <CommandDefinitions />
        <RuleDefinitions>
          <TabDisplayRules />
          <DisplayRules />
          <EnableRules />
        </RuleDefinitions>
        <LocLabels />
      </RibbonDiffXml>
      <CustomControlDefaultConfigs>
        <CustomControlDefaultConfig>
          <ControlDescriptionXML><controlDescriptions><controlDescription><customControl id="{E7A81278-8635-4d9e-8D4D-59480B391C5B}"><parameters /></customControl><customControl formFactor="0" name="MscrmControls.CalendarControl.CalendarControl"><parameters><data-set name="DataSet0"><StartDate0>msevtmgt_eventstartdate</StartDate0><EndDate0>msevtmgt_eventenddate</EndDate0><Title0>msevtmgt_name</Title0><Description0>msevtmgt_description</Description0></data-set><QuickViewFormId0 static="true" type="SingleLine.Text">4C95C62C-27CC-4C8E-B707-FE9477F64DD3</QuickViewFormId0><IsReadOnly0 static="true" type="Enum">false</IsReadOnly0><IsReadOnly1 static="true" type="Enum">false</IsReadOnly1><IsReadOnly2 static="true" type="Enum">false</IsReadOnly2><IsReadOnly3 static="true" type="Enum">false</IsReadOnly3><IsReadOnly4 static="true" type="Enum">false</IsReadOnly4><DefaultDuration static="true" type="Whole.Duration">30</DefaultDuration><DefaultView static="true" type="Enum">month</DefaultView><AgendaViewShowDaysWithoutEvents static="true" type="Enum">false</AgendaViewShowDaysWithoutEvents><GrayOutPastDays static="true" type="Enum">false</GrayOutPastDays></parameters></customControl><customControl formFactor="1" name="MscrmControls.CalendarControl.CalendarControl"><parameters><data-set name="DataSet0"><StartDate0>msevtmgt_eventstartdate</StartDate0><EndDate0>msevtmgt_eventenddate</EndDate0><Title0>msevtmgt_name</Title0><Description0>msevtmgt_description</Description0></data-set><QuickViewFormId0 static="true" type="SingleLine.Text">4C95C62C-27CC-4C8E-B707-FE9477F64DD3</QuickViewFormId0><IsReadOnly0 static="true" type="Enum">false</IsReadOnly0><IsReadOnly1 static="true" type="Enum">false</IsReadOnly1><IsReadOnly2 static="true" type="Enum">false</IsReadOnly2><IsReadOnly3 static="true" type="Enum">false</IsReadOnly3><IsReadOnly4 static="true" type="Enum">false</IsReadOnly4><DefaultDuration static="true" type="Whole.Duration">30</DefaultDuration><DefaultView static="true" type="Enum">month</DefaultView><AgendaViewShowDaysWithoutEvents static="true" type="Enum">false</AgendaViewShowDaysWithoutEvents><GrayOutPastDays static="true" type="Enum">false</GrayOutPastDays></parameters></customControl><customControl formFactor="2" name="MscrmControls.CalendarControl.CalendarControl"><parameters><data-set name="DataSet0"><StartDate0>msevtmgt_eventstartdate</StartDate0><EndDate0>msevtmgt_eventenddate</EndDate0><Title0>msevtmgt_name</Title0><Description0>msevtmgt_description</Description0></data-set><QuickViewFormId0 static="true" type="SingleLine.Text">4C95C62C-27CC-4C8E-B707-FE9477F64DD3</QuickViewFormId0><IsReadOnly0 static="true" type="Enum">false</IsReadOnly0><IsReadOnly1 static="true" type="Enum">false</IsReadOnly1><IsReadOnly2 static="true" type="Enum">false</IsReadOnly2><IsReadOnly3 static="true" type="Enum">false</IsReadOnly3><IsReadOnly4 static="true" type="Enum">false</IsReadOnly4><DefaultDuration static="true" type="Whole.Duration">30</DefaultDuration><DefaultView static="true" type="Enum">month</DefaultView><AgendaViewShowDaysWithoutEvents static="true" type="Enum">false</AgendaViewShowDaysWithoutEvents><GrayOutPastDays static="true" type="Enum">false</GrayOutPastDays></parameters></customControl></controlDescription></controlDescriptions></ControlDescriptionXML>
          <IntroducedVersion>1.2.2.8</IntroducedVersion>
        </CustomControlDefaultConfig>
      </CustomControlDefaultConfigs>
    </Entity>
  </Entities>
  <Roles></Roles>
  <Workflows>
    <Workflow WorkflowId="{018e82db-71fa-ef11-bae2-000d3ab1757a}" Name="Update Subtitle with Local Time">
      <JsonFileName>/Workflows/UpdateSubtitlewithLocalTime-018E82DB-71FA-EF11-BAE2-000D3AB1757A.json</JsonFileName>
      <Type>1</Type>
      <Subprocess>0</Subprocess>
      <Category>5</Category>
      <Mode>0</Mode>
      <Scope>4</Scope>
      <OnDemand>0</OnDemand>
      <TriggerOnCreate>0</TriggerOnCreate>
      <TriggerOnDelete>0</TriggerOnDelete>
      <AsyncAutodelete>0</AsyncAutodelete>
      <SyncWorkflowLogOnFailure>0</SyncWorkflowLogOnFailure>
      <StateCode>1</StateCode>
      <StatusCode>2</StatusCode>
      <RunAs>1</RunAs>
      <IsTransacted>1</IsTransacted>
      <IntroducedVersion>1.0.0.0</IntroducedVersion>
      <IsCustomizable>1</IsCustomizable>
      <BusinessProcessType>0</BusinessProcessType>
      <IsCustomProcessingStepAllowedForOtherPublishers>1</IsCustomProcessingStepAllowedForOtherPublishers>
      <BillingContext>[{"id":"cap_ESATrialapp","type":"UnifiedApp","metadata":{"displayName":"ESA Contact"}}]</BillingContext>
      <ModernFlowType>0</ModernFlowType>
      <PrimaryEntity>none</PrimaryEntity>
      <LocalizedNames>
        <LocalizedName languagecode="1033" description="Update Subtitle with Local Time" />
      </LocalizedNames>
    </Workflow>
  </Workflows>
  <FieldSecurityProfiles></FieldSecurityProfiles>
  <Templates />
  <EntityMaps />
  <EntityRelationships />
  <OrganizationSettings />
  <optionsets />
  <CustomControls />
  <EntityDataProviders />
  <connectionreferences>
    <connectionreference connectionreferencelogicalname="esa_sharedcommondataserviceforapps_ef7b8">
      <connectionreferencedisplayname>Dataverse Connection Reference</connectionreferencedisplayname>
      <connectorid>/providers/Microsoft.PowerApps/apis/shared_commondataserviceforapps</connectorid>
      <iscustomizable>1</iscustomizable>
      <promptingbehavior>0</promptingbehavior>
      <statecode>0</statecode>
      <statuscode>1</statuscode>
    </connectionreference>
  </connectionreferences>
  <Languages>
    <Language>1033</Language>
  </Languages>
</ImportExportXml>