<ImportExportXml version="9.2.25032.214" SolutionPackageVersion="9.2" languagecode="1033" generatedBy="CrmLive" xmlns:xsi="http://www.w3.org/2001/XMLSchema-instance" OrganizationVersion="9.2.25032.214" OrganizationSchemaType="Full" CRMServerServiceabilityVersion="9.2.25034.00218">
  <SolutionManifest>
    <UniqueName>EventTimezone</UniqueName>
    <LocalizedNames>
      <LocalizedName description="EventTimezone" languagecode="1033" />
    </LocalizedNames>
    <Descriptions />
    <Version>1.0.0.7</Version>
    <Managed>0</Managed>
    <Publisher>
      <UniqueName>ESA</UniqueName>
      <LocalizedNames>
        <LocalizedName description="ESA" languagecode="1033" />
      </LocalizedNames>
      <Descriptions />
      <EMailAddress xsi:nil="true"></EMailAddress>
      <SupportingWebsiteUrl xsi:nil="true"></SupportingWebsiteUrl>
      <CustomizationPrefix>esa</CustomizationPrefix>
      <CustomizationOptionValuePrefix>78947</CustomizationOptionValuePrefix>
      <Addresses>
        <Address>
          <AddressNumber>1</AddressNumber>
          <AddressTypeCode>1</AddressTypeCode>
          <City xsi:nil="true"></City>
          <County xsi:nil="true"></County>
          <Country xsi:nil="true"></Country>
          <Fax xsi:nil="true"></Fax>
          <FreightTermsCode xsi:nil="true"></FreightTermsCode>
          <ImportSequenceNumber xsi:nil="true"></ImportSequenceNumber>
          <Latitude xsi:nil="true"></Latitude>
          <Line1 xsi:nil="true"></Line1>
          <Line2 xsi:nil="true"></Line2>
          <Line3 xsi:nil="true"></Line3>
          <Longitude xsi:nil="true"></Longitude>
          <Name xsi:nil="true"></Name>
          <PostalCode xsi:nil="true"></PostalCode>
          <PostOfficeBox xsi:nil="true"></PostOfficeBox>
          <PrimaryContactName xsi:nil="true"></PrimaryContactName>
          <ShippingMethodCode>1</ShippingMethodCode>
          <StateOrProvince xsi:nil="true"></StateOrProvince>
          <Telephone1 xsi:nil="true"></Telephone1>
          <Telephone2 xsi:nil="true"></Telephone2>
          <Telephone3 xsi:nil="true"></Telephone3>
          <TimeZoneRuleVersionNumber xsi:nil="true"></TimeZoneRuleVersionNumber>
          <UPSZone xsi:nil="true"></UPSZone>
          <UTCOffset xsi:nil="true"></UTCOffset>
          <UTCConversionTimeZoneCode xsi:nil="true"></UTCConversionTimeZoneCode>
        </Address>
        <Address>
          <AddressNumber>2</AddressNumber>
          <AddressTypeCode>1</AddressTypeCode>
          <City xsi:nil="true"></City>
          <County xsi:nil="true"></County>
          <Country xsi:nil="true"></Country>
          <Fax xsi:nil="true"></Fax>
          <FreightTermsCode xsi:nil="true"></FreightTermsCode>
          <ImportSequenceNumber xsi:nil="true"></ImportSequenceNumber>
          <Latitude xsi:nil="true"></Latitude>
          <Line1 xsi:nil="true"></Line1>
          <Line2 xsi:nil="true"></Line2>
          <Line3 xsi:nil="true"></Line3>
          <Longitude xsi:nil="true"></Longitude>
          <Name xsi:nil="true"></Name>
          <PostalCode xsi:nil="true"></PostalCode>
          <PostOfficeBox xsi:nil="true"></PostOfficeBox>
          <PrimaryContactName xsi:nil="true"></PrimaryContactName>
          <ShippingMethodCode>1</ShippingMethodCode>
          <StateOrProvince xsi:nil="true"></StateOrProvince>
          <Telephone1 xsi:nil="true"></Telephone1>
          <Telephone2 xsi:nil="true"></Telephone2>
          <Telephone3 xsi:nil="true"></Telephone3>
          <TimeZoneRuleVersionNumber xsi:nil="true"></TimeZoneRuleVersionNumber>
          <UPSZone xsi:nil="true"></UPSZone>
          <UTCOffset xsi:nil="true"></UTCOffset>
          <UTCConversionTimeZoneCode xsi:nil="true"></UTCConversionTimeZoneCode>
        </Address>
      </Addresses>
    </Publisher>
    <RootComponents>
      <RootComponent type="1" schemaName="msevtmgt_event" behavior="2" />
      <RootComponent type="29" id="{018e82db-71fa-ef11-bae2-000d3ab1757a}" behavior="0" />
    </RootComponents>
    <MissingDependencies>
      <MissingDependency>
        <Required type="1" schemaName="msevtmgt_event" displayName="Event" solution="MicrosoftDynamics_EventManagement (1.51.54652.115)">
          <package appName="Dynamics 365 Marketing Application" version="1.113.2004.0">MicrosoftDynamics_MktCompleteAnchorSolution (1.113.2004.0)</package>
        </Required>
        <Dependent type="1" schemaName="msevtmgt_event" displayName="Event" />
      </MissingDependency>
      <MissingDependency>
        <Required type="61" schemaName="msevtmgt_/Images/Events" displayName="msevtmgt_/Images/Events" solution="MicrosoftDynamics_EventManagement (1.51.54652.115)">
          <package appName="Dynamics 365 Marketing Application" version="1.113.2004.0">MicrosoftDynamics_MktCompleteAnchorSolution (1.113.2004.0)</package>
        </Required>
        <Dependent type="1" schemaName="msevtmgt_event" displayName="Event" />
      </MissingDependency>
      <MissingDependency>
        <Required type="61" schemaName="msevtmgt_/Images/Events_16" displayName="msevtmgt_/Images/Events_16" solution="MicrosoftDynamics_EventManagement (1.51.54652.115)">
          <package appName="Dynamics 365 Marketing Application" version="1.113.2004.0">MicrosoftDynamics_MktCompleteAnchorSolution (1.113.2004.0)</package>
        </Required>
        <Dependent type="1" schemaName="msevtmgt_event" displayName="Event" />
      </MissingDependency>
    </MissingDependencies>
  </SolutionManifest>
</ImportExportXml>