{
  "properties": {
    "connectionReferences": {
      "shared_commondataserviceforapps_1": {
        "runtimeSource": "embedded",
        "connection": {
          "connectionReferenceLogicalName": "esa_sharedcommondataserviceforapps_ef7b8"
        },
        "api": {
          "name": "shared_commondataserviceforapps"
        }
      }
    },
    "definition": {
      "$schema": "https://schema.management.azure.com/providers/Microsoft.Logic/schemas/2016-06-01/workflowdefinition.json#",
      "contentVersion": "1.0.0.0",
      "parameters": {
        "$connections": {
          "defaultValue": {},
          "type": "Object"
        },
        "$authentication": {
          "defaultValue": {},
          "type": "SecureObject"
        }
      },
      "triggers": {
        "When_a_row_is_added,_modified_or_deleted": {
          "metadata": {
            "operationMetadataId": "c13f6272-deb7-422d-b9f6-b3712eb818c6"
          },
          "type": "OpenApiConnectionWebhook",
          "inputs": {
            "host": {
              "connectionName": "shared_commondataserviceforapps_1",
              "operationId": "SubscribeWebhookTrigger",
              "apiId": "/providers/Microsoft.PowerApps/apis/shared_commondataserviceforapps"
            },
            "parameters": {
              "subscriptionRequest/message": 4,
              "subscriptionRequest/entityname": "msevtmgt_event",
              "subscriptionRequest/scope": 4,
              "subscriptionRequest/filterexpression": "msevtmgt_name ne esa_previouseventname"
            },
            "authentication": "@parameters('$authentication')"
          },
          "description": "Trigger When Event is Created of Modified but only when Title has changed"
        }
      },
      "actions": {
        "Update_the_Event_Subtitle_with_the_Three_Strings_Concatenated": {
          "runAfter": {
            "Initialize_variable_SecondString_(CET_End_Time)": [
              "Succeeded"
            ]
          },
          "metadata": {
            "operationMetadataId": "8a968cca-a421-4772-b015-b7475b76a858"
          },
          "type": "OpenApiConnection",
          "inputs": {
            "host": {
              "connectionName": "shared_commondataserviceforapps_1",
              "operationId": "UpdateOnlyRecord",
              "apiId": "/providers/Microsoft.PowerApps/apis/shared_commondataserviceforapps"
            },
            "parameters": {
              "entityName": "msevtmgt_events",
              "recordId": "@triggerOutputs()?['body/msevtmgt_eventid']",
              "item/cap_subtitle": "@concat(\r\n    'Central Europe Local Time: ', variables('secondstring'), ' - ', variables('secondendstring'),\r\n    ';;',\r\n    '(UK Local Time: ', variables('firststring'), ' - ', variables('firstendstring'), ')'\r\n)\r\n"
            },
            "authentication": "@parameters('$authentication')"
          }
        },
        "Update_a_hidden_field_to_ensure_we_dont_get_Update_Infinite_Loop": {
          "runAfter": {},
          "metadata": {
            "operationMetadataId": "7e199cc9-37d9-4c05-b595-b71e90989b24"
          },
          "type": "OpenApiConnection",
          "inputs": {
            "host": {
              "connectionName": "shared_commondataserviceforapps_1",
              "operationId": "UpdateOnlyRecord",
              "apiId": "/providers/Microsoft.PowerApps/apis/shared_commondataserviceforapps"
            },
            "parameters": {
              "entityName": "msevtmgt_events",
              "recordId": "@triggerOutputs()?['body/msevtmgt_eventid']",
              "item/esa_previouseventname": "@triggerOutputs()?['body/msevtmgt_name']"
            },
            "authentication": "@parameters('$authentication')"
          }
        },
        "Initialize_UTC_Time_From_Dataverse": {
          "runAfter": {
            "Update_a_hidden_field_to_ensure_we_dont_get_Update_Infinite_Loop": [
              "Succeeded"
            ]
          },
          "metadata": {
            "operationMetadataId": "ad404270-28f2-43f8-9834-e085b159eb46"
          },
          "type": "InitializeVariable",
          "inputs": {
            "variables": [
              {
                "name": "UTC TIME",
                "type": "string",
                "value": "@triggerOutputs()?['body/msevtmgt_portalspecificeventstartdate']"
              }
            ]
          }
        },
        "Initialize_variable_FirstString_(UK_Start_Time)": {
          "runAfter": {
            "Initialize_UTC_End_Time_from_Dataverse": [
              "Succeeded"
            ]
          },
          "metadata": {
            "operationMetadataId": "fc539eb0-b8c5-4a0e-8cdf-6c8dd28b4648"
          },
          "type": "InitializeVariable",
          "inputs": {
            "variables": [
              {
                "name": "firststring",
                "type": "string",
                "value": "@{formatDateTime(convertTimeZone(variables('UTC TIME'), 'UTC', 'GMT Standard Time'),'MMMM dd, yyyy, HH:mm')}"
              }
            ]
          }
        },
        "Initialize_variable_SecondString_(CET_Start_Time)": {
          "runAfter": {
            "Initialize_variable_FirstString_(UK_EndTime)_": [
              "Succeeded"
            ]
          },
          "metadata": {
            "operationMetadataId": "cabee1ef-99cf-408b-9b09-d187e2402aa9"
          },
          "type": "InitializeVariable",
          "inputs": {
            "variables": [
              {
                "name": "secondstring",
                "type": "string",
                "value": "@{formatDateTime(convertTimeZone(variables('UTC TIME'), 'UTC', 'Central European Standard Time'),'MMMM dd, yyyy, HH:mm')}"
              }
            ]
          }
        },
        "Initialize_UTC_End_Time_from_Dataverse": {
          "runAfter": {
            "Initialize_UTC_Time_From_Dataverse": [
              "Succeeded"
            ]
          },
          "metadata": {
            "operationMetadataId": "ad404270-28f2-43f8-9834-e085b159eb46"
          },
          "type": "InitializeVariable",
          "inputs": {
            "variables": [
              {
                "name": "UTC END TIME",
                "type": "string",
                "value": "@triggerOutputs()?['body/msevtmgt_eventenddate']"
              }
            ]
          }
        },
        "Initialize_variable_FirstString_(UK_EndTime)_": {
          "runAfter": {
            "Initialize_variable_FirstString_(UK_Start_Time)": [
              "Succeeded"
            ]
          },
          "metadata": {
            "operationMetadataId": "fc539eb0-b8c5-4a0e-8cdf-6c8dd28b4648"
          },
          "type": "InitializeVariable",
          "inputs": {
            "variables": [
              {
                "name": "firstendstring",
                "type": "string",
                "value": "@{formatDateTime(convertTimeZone(variables('UTC END TIME'), 'UTC', 'GMT Standard Time'), 'MMMM dd, yyyy, HH:mm')}"
              }
            ]
          }
        },
        "Initialize_variable_SecondString_(CET_End_Time)": {
          "runAfter": {
            "Initialize_variable_SecondString_(CET_Start_Time)": [
              "Succeeded"
            ]
          },
          "metadata": {
            "operationMetadataId": "cabee1ef-99cf-408b-9b09-d187e2402aa9"
          },
          "type": "InitializeVariable",
          "inputs": {
            "variables": [
              {
                "name": "secondendstring",
                "type": "string",
                "value": "@{formatDateTime(convertTimeZone(variables('UTC END TIME'), 'UTC', 'Central European Standard Time'), 'MMMM dd, yyyy, HH:mm')}"
              }
            ]
          }
        }
      }
    },
    "templateName": ""
  },
  "schemaVersion": "1.0.0.0"
}